Sentence (Input),Label,Correct Sentence (Output)
මිනිසුන් දෙදෙනෙකු මෝටර් රථ ක්‍රීඩාවක යෙදෙයි.,Correct,මිනිසුන් දෙදෙනෙකු මෝටර් රථ ක්‍රීඩාවක යෙදෙයි.
මිනිසුන් දෙදෙනෙකු ක්‍රීඩාවක යෙදෙයි. රථ මෝටර්,Incorrect,මිනිසුන් දෙදෙනෙකු මෝටර් රථ ක්‍රීඩාවක යෙදෙයි.
මෝටර්සයිකල් තරඟයකදී තරඟකරුවෙක් අනෙකා හඹා යයි.,Correct,මෝටර්සයිකල් තරඟයකදී තරඟකරුවෙක් අනෙකා හඹා යයි.
හඹා යයි. මෝටර්සයිකල් අනෙකා තරඟකරුවෙක් තරඟයකදී,Incorrect,මෝටර්සයිකල් තරඟයකදී තරඟකරුවෙක් අනෙකා හඹා යයි.
මෝටර් රථ තරගයක මෝටර් රථයක් වේගයෙන් ගමන් කරයි.,Correct,මෝටර් රථ තරගයක මෝටර් රථයක් වේගයෙන් ගමන් කරයි.
කරයි. රථ මෝටර් වේගයෙන් මෝටර් තරගයක රථයක් ගමන්,Incorrect,මෝටර් රථ තරගයක මෝටර් රථයක් වේගයෙන් ගමන් කරයි.
ක්‍රීඩකයන් දෙදෙනෙකු මෝටර් රථයක් පදවයි.,Correct,ක්‍රීඩකයන් දෙදෙනෙකු මෝටර් රථයක් පදවයි.
දෙදෙනෙකු ක්‍රීඩකයන් මෝටර් රථයක් පදවයි.,Incorrect,ක්‍රීඩකයන් දෙදෙනෙකු මෝටර් රථයක් පදවයි.
මිනිසෙක් ධාවනය වන මොටර් රථයක එල්ලී සිටියි.,Correct,මිනිසෙක් ධාවනය වන මොටර් රථයක එල්ලී සිටියි.
සිටියි. රථයක එල්ලී මිනිසෙක් මොටර් වන ධාවනය,Incorrect,මිනිසෙක් ධාවනය වන මොටර් රථයක එල්ලී සිටියි.
මිනිසෙකු වාහනයක් අලුත් වැඩියා කරයි.,Correct,මිනිසෙකු වාහනයක් අලුත් වැඩියා කරයි.
මිනිසෙකු අලුත් කරයි. වාහනයක් වැඩියා,Incorrect,මිනිසෙකු වාහනයක් අලුත් වැඩියා කරයි.
මෝටර් රථ යාන්ත්‍රිකයෙක් කාර් එකක උවසුන වෙතට බටයකින් වතුර පහරක් එල්ල කරයි.,Correct,මෝටර් රථ යාන්ත්‍රිකයෙක් කාර් එකක උවසුන වෙතට බටයකින් වතුර පහරක් එල්ල කරයි.
වතුර උවසුන වෙතට එකක කාර් මෝටර් කරයි. යාන්ත්‍රිකයෙක් රථ බටයකින් පහරක් එල්ල,Incorrect,මෝටර් රථ යාන්ත්‍රිකයෙක් කාර් එකක උවසුන වෙතට බටයකින් වතුර පහරක් එල්ල කරයි.
මිනිසෙකු මෝටර් රථයක් අලුත් වැඩියා කරයි.,Correct,මිනිසෙකු මෝටර් රථයක් අලුත් වැඩියා කරයි.
වැඩියා මිනිසෙකු රථයක් කරයි. මෝටර් අලුත්,Incorrect,මිනිසෙකු මෝටර් රථයක් අලුත් වැඩියා කරයි.
පුද්ගලයෙක් මෝටර් රථයක් පිරිසිදු කරයි.,Correct,පුද්ගලයෙක් මෝටර් රථයක් පිරිසිදු කරයි.
පුද්ගලයෙක් පිරිසිදු කරයි. මෝටර් රථයක්,Incorrect,පුද්ගලයෙක් මෝටර් රථයක් පිරිසිදු කරයි.
මිනිසෙක් ඔසවා ඇති මෝටර් රථයක් සෝදමින් සිටියි.,Correct,මිනිසෙක් ඔසවා ඇති මෝටර් රථයක් සෝදමින් සිටියි.
ඇති ඔසවා සෝදමින් මෝටර් සිටියි. රථයක් මිනිසෙක්,Incorrect,මිනිසෙක් ඔසවා ඇති මෝටර් රථයක් සෝදමින් සිටියි.
ක්‍රීඩකයෙක් ඔහුගේ පිත්ත ඔසවයි.,Correct,ක්‍රීඩකයෙක් ඔහුගේ පිත්ත ඔසවයි.
ඔහුගේ ක්‍රීඩකයෙක් පිත්ත ඔසවයි.,Incorrect,ක්‍රීඩකයෙක් ඔහුගේ පිත්ත ඔසවයි.
බේස්බෝල් ක්‍රීඩකයෙක් කලු පිත්තක් අතින් අල්ලාගෙන සිටියි.,Correct,බේස්බෝල් ක්‍රීඩකයෙක් කලු පිත්තක් අතින් අල්ලාගෙන සිටියි.
පිත්තක් කලු අල්ලාගෙන බේස්බෝල් සිටියි. ක්‍රීඩකයෙක් අතින්,Incorrect,බේස්බෝල් ක්‍රීඩකයෙක් කලු පිත්තක් අතින් අල්ලාගෙන සිටියි.
ඔයාගේ නම කුමක් ද.,Correct,ඔයාගේ නම කුමක් ද.
නම ඔයාගේ කුමක් ද.,Incorrect,ඔයාගේ නම කුමක් ද.
කුමන නිවැරදිද?.,Correct,කුමන නිවැරදිද?.
නිවැරදිද?. කුමන,Incorrect,කුමන නිවැරදිද?.
කරුණාකර මට උදව් කරනවද?.,Correct,කරුණාකර මට උදව් කරනවද?.
උදව් කරුණාකර මට කරනවද?.,Incorrect,කරුණාකර මට උදව් කරනවද?.
ගෙදර ඉන්නවද?.,Correct,ගෙදර ඉන්නවද?.
ඉන්නවද?. ගෙදර,Incorrect,ගෙදර ඉන්නවද?.
ඔබට යමක් අවශ්යද?.,Correct,ඔබට යමක් අවශ්යද?.
අවශ්යද?. ඔබට යමක්,Incorrect,ඔබට යමක් අවශ්යද?.
ඔබට මෙම පොත අවශ්‍යද?.,Correct,ඔබට මෙම පොත අවශ්‍යද?.
අවශ්‍යද?. මෙම පොත ඔබට,Incorrect,ඔබට මෙම පොත අවශ්‍යද?.
ඔබට හොඳක් දැනෙනවාද?.,Correct,ඔබට හොඳක් දැනෙනවාද?.
දැනෙනවාද?. හොඳක් ඔබට,Incorrect,ඔබට හොඳක් දැනෙනවාද?.
ඔබ ලිපියක් ලියනවාද?.,Correct,ඔබ ලිපියක් ලියනවාද?.
ලියනවාද?. ලිපියක් ඔබ,Incorrect,ඔබ ලිපියක් ලියනවාද?.
දැන් ඇවිත් මාව බලන්න.,Correct,දැන් ඇවිත් මාව බලන්න.
බලන්න. මාව දැන් ඇවිත්,Incorrect,දැන් ඇවිත් මාව බලන්න.
ඔබේ පවුලේ අය සමඟ එන්න.,Correct,ඔබේ පවුලේ අය සමඟ එන්න.
සමඟ එන්න. පවුලේ ඔබේ අය,Incorrect,ඔබේ පවුලේ අය සමඟ එන්න.
මම මේ සතියේ ගොඩක් කාර්යබහුලයි.,Correct,මම මේ සතියේ ගොඩක් කාර්යබහුලයි.
මේ කාර්යබහුලයි. සතියේ ගොඩක් මම,Incorrect,මම මේ සතියේ ගොඩක් කාර්යබහුලයි.
ගොඩක් සල්ලි තියෙනවා.,Correct,ගොඩක් සල්ලි තියෙනවා.
සල්ලි තියෙනවා. ගොඩක්,Incorrect,ගොඩක් සල්ලි තියෙනවා.
ඒ අය හොඳ මිනිස්සු.,Correct,ඒ අය හොඳ මිනිස්සු.
අය හොඳ ඒ මිනිස්සු.,Incorrect,ඒ අය හොඳ මිනිස්සු.
අපිට සල්ලි ටිකක් ඕන.,Correct,අපිට සල්ලි ටිකක් ඕන.
සල්ලි ඕන. අපිට ටිකක්,Incorrect,අපිට සල්ලි ටිකක් ඕන.
ඔබගේ ගමනානාන්තය කොහෙද?.,Correct,ඔබගේ ගමනානාන්තය කොහෙද?.
ඔබගේ කොහෙද?. ගමනානාන්තය,Incorrect,ඔබගේ ගමනානාන්තය කොහෙද?.
ඔයා අද කරන්නේ කුමක් ද?.,Correct,ඔයා අද කරන්නේ කුමක් ද?.
ඔයා ද?. කරන්නේ කුමක් අද,Incorrect,ඔයා අද කරන්නේ කුමක් ද?.
ඔයා මොනවද කියවන්නේ?.,Correct,ඔයා මොනවද කියවන්නේ?.
ඔයා කියවන්නේ?. මොනවද,Incorrect,ඔයා මොනවද කියවන්නේ?.
මට ඔයාට කළ හැක්කේ කුමක් ද?.,Correct,මට ඔයාට කළ හැක්කේ කුමක් ද?.
ඔයාට හැක්කේ මට කුමක් කළ ද?.,Incorrect,මට ඔයාට කළ හැක්කේ කුමක් ද?.
ප්‍රශ්නය කුමක් ද?.,Correct,ප්‍රශ්නය කුමක් ද?.
කුමක් ද?. ප්‍රශ්නය,Incorrect,ප්‍රශ්නය කුමක් ද?.
මොකක්ද කතාව?.,Correct,මොකක්ද කතාව?.
මොකක්ද කතාව?.,Incorrect,මොකක්ද කතාව?.
ඔබේ ගැටලුව කුමක්ද?.,Correct,ඔබේ ගැටලුව කුමක්ද?.
ගැටලුව කුමක්ද?. ඔබේ,Incorrect,ඔබේ ගැටලුව කුමක්ද?.
මොකක්ද ඒ ශබ්දය?.,Correct,මොකක්ද ඒ ශබ්දය?.
ශබ්දය?. ඒ මොකක්ද,Incorrect,මොකක්ද ඒ ශබ්දය?.
අපට කන්න පුළුවන් කවදාද?.,Correct,අපට කන්න පුළුවන් කවදාද?.
කවදාද?. පුළුවන් කන්න අපට,Incorrect,අපට කන්න පුළුවන් කවදාද?.
ඔබ ඉගෙන ගන්නේ කවදාද?.,Correct,ඔබ ඉගෙන ගන්නේ කවදාද?.
ඉගෙන ගන්නේ ඔබ කවදාද?.,Incorrect,ඔබ ඉගෙන ගන්නේ කවදාද?.
එය අවසන් කළේ කවදාද?.,Correct,එය අවසන් කළේ කවදාද?.
කවදාද?. අවසන් එය කළේ,Incorrect,එය අවසන් කළේ කවදාද?.
කොහොමද ඔබගේ පවුලේ අය ගැන?.,Correct,කොහොමද ඔබගේ පවුලේ අය ගැන?.
ඔබගේ පවුලේ අය කොහොමද ගැන?.,Incorrect,කොහොමද ඔබගේ පවුලේ අය ගැන?.
ඔයාට තේරෙනව ද?.,Correct,ඔයාට තේරෙනව ද?.
ද?. ඔයාට තේරෙනව,Incorrect,ඔයාට තේරෙනව ද?.
ඔයා මට ආදරේ ද?.,Correct,ඔයා මට ආදරේ ද?.
මට ඔයා ආදරේ ද?.,Incorrect,ඔයා මට ආදරේ ද?.
වැඩ ගැන කතා කරන්න එපා.,Correct,වැඩ ගැන කතා කරන්න එපා.
වැඩ කරන්න ගැන කතා එපා.,Incorrect,වැඩ ගැන කතා කරන්න එපා.
මම ඔයාට උදව් කරන්නේ කෙසේ ද?.,Correct,මම ඔයාට උදව් කරන්නේ කෙසේ ද?.
ඔයාට ද?. උදව් කරන්නේ මම කෙසේ,Incorrect,මම ඔයාට උදව් කරන්නේ කෙසේ ද?.
වැව කොතරම් ගැඹුරුද?.,Correct,වැව කොතරම් ගැඹුරුද?.
ගැඹුරුද?. කොතරම් වැව,Incorrect,වැව කොතරම් ගැඹුරුද?.
මම ඔබට බාධා කරන්නේ නැහැ.,Correct,මම ඔබට බාධා කරන්නේ නැහැ.
නැහැ. ඔබට කරන්නේ මම බාධා,Incorrect,මම ඔබට බාධා කරන්නේ නැහැ.
මට මගේ පුතා ගැන ආඩම්බරයි.,Correct,මට මගේ පුතා ගැන ආඩම්බරයි.
ආඩම්බරයි. මගේ පුතා මට ගැන,Incorrect,මට මගේ පුතා ගැන ආඩම්බරයි.
ඔබට බාධා කිරීම ගැන මට කණගාටුයි.,Correct,ඔබට බාධා කිරීම ගැන මට කණගාටුයි.
ගැන මට කිරීම බාධා කණගාටුයි. ඔබට,Incorrect,ඔබට බාධා කිරීම ගැන මට කණගාටුයි.
මොකක් හරි අවුලක්ද?.,Correct,මොකක් හරි අවුලක්ද?.
මොකක් අවුලක්ද?. හරි,Incorrect,මොකක් හරි අවුලක්ද?.
මම දොර අරින්නද?.,Correct,මම දොර අරින්නද?.
අරින්නද?. දොර මම,Incorrect,මම දොර අරින්නද?.
හැමදේටම ස්තුතියි.,Correct,හැමදේටම ස්තුතියි.
ස්තුතියි. හැමදේටම,Incorrect,හැමදේටම ස්තුතියි.
මෙය ඉතා අපහසුයි.,Correct,මෙය ඉතා අපහසුයි.
මෙය ඉතා අපහසුයි.,Incorrect,මෙය ඉතා අපහසුයි.
මෙය ඉතා වැදගත් වේ.,Correct,මෙය ඉතා වැදගත් වේ.
වැදගත් වේ. ඉතා මෙය,Incorrect,මෙය ඉතා වැදගත් වේ.
ඔයා කොහේ සිට ද?.,Correct,ඔයා කොහේ සිට ද?.
ඔයා සිට ද?. කොහේ,Incorrect,ඔයා කොහේ සිට ද?.
ඔබ යම් අදහසක් තියෙනවද?.,Correct,ඔබ යම් අදහසක් තියෙනවද?.
තියෙනවද?. යම් ඔබ අදහසක්,Incorrect,ඔබ යම් අදහසක් තියෙනවද?.
මම ඔයාට හොගාක් ආදරෙයි.,Correct,මම ඔයාට හොගාක් ආදරෙයි.
මම හොගාක් ආදරෙයි. ඔයාට,Incorrect,මම ඔයාට හොගාක් ආදරෙයි.
මට ඔයාව ගොඩක් මතක් වුණා.,Correct,මට ඔයාව ගොඩක් මතක් වුණා.
වුණා. ඔයාව ගොඩක් මට මතක්,Incorrect,මට ඔයාව ගොඩක් මතක් වුණා.
මට ඒ ගැන හිතන්න දෙන්න.,Correct,මට ඒ ගැන හිතන්න දෙන්න.
හිතන්න ඒ ගැන මට දෙන්න.,Incorrect,මට ඒ ගැන හිතන්න දෙන්න.
ඔබට බොහෝම ස්තුතියි.,Correct,ඔබට බොහෝම ස්තුතියි.
ස්තුතියි. ඔබට බොහෝම,Incorrect,ඔබට බොහෝම ස්තුතියි.
මට හිතන එක නවත්තන්න බෑ.,Correct,මට හිතන එක නවත්තන්න බෑ.
එක නවත්තන්න මට බෑ. හිතන,Incorrect,මට හිතන එක නවත්තන්න බෑ.
කතා කරන එක නවත්තනවද?.,Correct,කතා කරන එක නවත්තනවද?.
කරන කතා නවත්තනවද?. එක,Incorrect,කතා කරන එක නවත්තනවද?.
ඔබ යන්න කැමතිද?.,Correct,ඔබ යන්න කැමතිද?.
යන්න කැමතිද?. ඔබ,Incorrect,ඔබ යන්න කැමතිද?.
ඔබ මට උගන්වනවාද?.,Correct,ඔබ මට උගන්වනවාද?.
ඔබ මට උගන්වනවාද?.,Incorrect,ඔබ මට උගන්වනවාද?.
ඔබේ කාමරය කොහෙද?.,Correct,ඔබේ කාමරය කොහෙද?.
කාමරය කොහෙද?. ඔබේ,Incorrect,ඔබේ කාමරය කොහෙද?.
අප යා යුත්තේ කොතැනටද?.,Correct,අප යා යුත්තේ කොතැනටද?.
යා අප කොතැනටද?. යුත්තේ,Incorrect,අප යා යුත්තේ කොතැනටද?.
ඔබේ ගෙදර කොහෙද?.,Correct,ඔබේ ගෙදර කොහෙද?.
ගෙදර කොහෙද?. ඔබේ,Incorrect,ඔබේ ගෙදර කොහෙද?.
කරුණාකර දොර වසන්න.,Correct,කරුණාකර දොර වසන්න.
දොර කරුණාකර වසන්න.,Incorrect,කරුණාකර දොර වසන්න.
ඇය මගේ අදහසට එකඟ වුණා.,Correct,ඇය මගේ අදහසට එකඟ වුණා.
එකඟ මගේ ඇය අදහසට වුණා.,Incorrect,ඇය මගේ අදහසට එකඟ වුණා.
ඒ ළමයා බුද්ධිමත්.,Correct,ඒ ළමයා බුද්ධිමත්.
ඒ ළමයා බුද්ධිමත්.,Incorrect,ඒ ළමයා බුද්ධිමත්.
එය ඉතා විශාල කාමරයක් විය.,Correct,එය ඉතා විශාල කාමරයක් විය.
විය. එය ඉතා විශාල කාමරයක්,Incorrect,එය ඉතා විශාල කාමරයක් විය.
ඔහුට ඉතා වේගයෙන් පිහිනීමට හැකිය.,Correct,ඔහුට ඉතා වේගයෙන් පිහිනීමට හැකිය.
හැකිය. වේගයෙන් ඉතා ඔහුට පිහිනීමට,Incorrect,ඔහුට ඉතා වේගයෙන් පිහිනීමට හැකිය.
ඔහු මගේ අදහස පිළිගත්තා.,Correct,ඔහු මගේ අදහස පිළිගත්තා.
ඔහු මගේ පිළිගත්තා. අදහස,Incorrect,ඔහු මගේ අදහස පිළිගත්තා.
ඔවුන් එකිනෙකාට ආදරය කළා.,Correct,ඔවුන් එකිනෙකාට ආදරය කළා.
එකිනෙකාට ආදරය කළා. ඔවුන්,Incorrect,ඔවුන් එකිනෙකාට ආදරය කළා.
ඔබ ළඟා වන්නේ කවදාද?.,Correct,ඔබ ළඟා වන්නේ කවදාද?.
වන්නේ ළඟා ඔබ කවදාද?.,Incorrect,ඔබ ළඟා වන්නේ කවදාද?.
ඔයා කොහේ සිට ද?.,Correct,ඔයා කොහේ සිට ද?.
ද?. සිට කොහේ ඔයා,Incorrect,ඔයා කොහේ සිට ද?.
ඔයා කොහේද යන්නේ?.,Correct,ඔයා කොහේද යන්නේ?.
යන්නේ?. කොහේද ඔයා,Incorrect,ඔයා කොහේද යන්නේ?.
අපි එකිනෙකාට ආදරෙයි.,Correct,අපි එකිනෙකාට ආදරෙයි.
අපි එකිනෙකාට ආදරෙයි.,Incorrect,අපි එකිනෙකාට ආදරෙයි.
අපි නීතිවලට කීකරු වුණා.,Correct,අපි නීතිවලට කීකරු වුණා.
වුණා. කීකරු නීතිවලට අපි,Incorrect,අපි නීතිවලට කීකරු වුණා.
අපි ඇවිදින්න පටන් ගත්තා.,Correct,අපි ඇවිදින්න පටන් ගත්තා.
ඇවිදින්න ගත්තා. අපි පටන්,Incorrect,අපි ඇවිදින්න පටන් ගත්තා.
අපි කවදාවත් එකඟ වෙන්නේ නැහැ.,Correct,අපි කවදාවත් එකඟ වෙන්නේ නැහැ.
වෙන්නේ නැහැ. එකඟ කවදාවත් අපි,Incorrect,අපි කවදාවත් එකඟ වෙන්නේ නැහැ.
අපිට වෙනසක් කරන්න පුළුවන්.,Correct,අපිට වෙනසක් කරන්න පුළුවන්.
කරන්න වෙනසක් අපිට පුළුවන්.,Incorrect,අපිට වෙනසක් කරන්න පුළුවන්.
අපි හැමදාම උයනවා.,Correct,අපි හැමදාම උයනවා.
උයනවා. අපි හැමදාම,Incorrect,අපි හැමදාම උයනවා.
අපි ඒක රස වින්දා.,Correct,අපි ඒක රස වින්දා.
ඒක අපි වින්දා. රස,Incorrect,අපි ඒක රස වින්දා.
ඔයාට කොහොම ද?.,Correct,ඔයාට කොහොම ද?.
ඔයාට ද?. කොහොම,Incorrect,ඔයාට කොහොම ද?.
ඔයා කරන්නේ කුමක් ද?.,Correct,ඔයා කරන්නේ කුමක් ද?.
කුමක් කරන්නේ ද?. ඔයා,Incorrect,ඔයා කරන්නේ කුමක් ද?.
ඔයා කීවේ කුමක් ද?.,Correct,ඔයා කීවේ කුමක් ද?.
කීවේ ඔයා කුමක් ද?.,Incorrect,ඔයා කීවේ කුමක් ද?.
ඔයාට අවශ්ය කුමක් ද?.,Correct,ඔයාට අවශ්ය කුමක් ද?.
ද?. ඔයාට අවශ්ය කුමක්,Incorrect,ඔයාට අවශ්ය කුමක් ද?.
ඔයා සිතන්නේ කුමක් ද?.,Correct,ඔයා සිතන්නේ කුමක් ද?.
සිතන්නේ කුමක් ඔයා ද?.,Incorrect,ඔයා සිතන්නේ කුමක් ද?.
ඔයාට ඕන කුමක් ද?.,Correct,ඔයාට ඕන කුමක් ද?.
කුමක් ඕන ද?. ඔයාට,Incorrect,ඔයාට ඕන කුමක් ද?.
සිදුවුයේ කුමක් ද?.,Correct,සිදුවුයේ කුමක් ද?.
ද?. සිදුවුයේ කුමක්,Incorrect,සිදුවුයේ කුමක් ද?.
එය කුමක් ද?.,Correct,එය කුමක් ද?.
එය ද?. කුමක්,Incorrect,එය කුමක් ද?.
ඇය ඉපදුනේ කවද්ද?.,Correct,ඇය ඉපදුනේ කවද්ද?.
ඉපදුනේ ඇය කවද්ද?.,Incorrect,ඇය ඉපදුනේ කවද්ද?.
අපි එන්නේ කවදාද?.,Correct,අපි එන්නේ කවදාද?.
අපි කවදාද?. එන්නේ,Incorrect,අපි එන්නේ කවදාද?.
ඔයා කොහේ ද?.,Correct,ඔයා කොහේ ද?.
ඔයා කොහේ ද?.,Incorrect,ඔයා කොහේ ද?.
එයින් රිදුනේ කොහෙද?.,Correct,එයින් රිදුනේ කොහෙද?.
කොහෙද?. එයින් රිදුනේ,Incorrect,එයින් රිදුනේ කොහෙද?.
මගේ පොත කොහෙද?.,Correct,මගේ පොත කොහෙද?.
මගේ පොත කොහෙද?.,Incorrect,මගේ පොත කොහෙද?.
ගංගාව කොහෙද?.,Correct,ගංගාව කොහෙද?.
ගංගාව කොහෙද?.,Incorrect,ගංගාව කොහෙද?.
කවුද මේක කැඩුවේ?.,Correct,කවුද මේක කැඩුවේ?.
මේක කැඩුවේ?. කවුද,Incorrect,කවුද මේක කැඩුවේ?.
ඇයි ඔබ අඬන්නේ?.,Correct,ඇයි ඔබ අඬන්නේ?.
අඬන්නේ?. ඇයි ඔබ,Incorrect,ඇයි ඔබ අඬන්නේ?.
මට කිසිවක් නොපෙනේ.,Correct,මට කිසිවක් නොපෙනේ.
නොපෙනේ. මට කිසිවක්,Incorrect,මට කිසිවක් නොපෙනේ.
මම ඔබ සමඟ එකඟ නොවෙමි.,Correct,මම ඔබ සමඟ එකඟ නොවෙමි.
නොවෙමි. එකඟ ඔබ සමඟ මම,Incorrect,මම ඔබ සමඟ එකඟ නොවෙමි.
මම ඒකට ගොඩක් කැමතියි.,Correct,මම ඒකට ගොඩක් කැමතියි.
ගොඩක් කැමතියි. මම ඒකට,Incorrect,මම ඒකට ගොඩක් කැමතියි.
මිනිසෙකු මෝටර් රථයක් අලුත් වැඩියා කරයි.,Correct,මිනිසෙකු මෝටර් රථයක් අලුත් වැඩියා කරයි.
කරයි. වැඩියා අලුත් රථයක් මිනිසෙකු මෝටර්,Incorrect,මිනිසෙකු මෝටර් රථයක් අලුත් වැඩියා කරයි.
ඔයා සිතන්නේ කුමක් ද?.,Correct,ඔයා සිතන්නේ කුමක් ද?.
කුමක් ඔයා සිතන්නේ ද?.,Incorrect,ඔයා සිතන්නේ කුමක් ද?.
ඔබේ ගැටලුව කුමක්ද?.,Correct,ඔබේ ගැටලුව කුමක්ද?.
ගැටලුව ඔබේ කුමක්ද?.,Incorrect,ඔබේ ගැටලුව කුමක්ද?.
වැව කොතරම් ගැඹුරුද?.,Correct,වැව කොතරම් ගැඹුරුද?.
වැව කොතරම් ගැඹුරුද?.,Incorrect,වැව කොතරම් ගැඹුරුද?.
ඇයි ඔබ අඬන්නේ?.,Correct,ඇයි ඔබ අඬන්නේ?.
අඬන්නේ?. ඇයි ඔබ,Incorrect,ඇයි ඔබ අඬන්නේ?.
ඇය මගේ අදහසට එකඟ වුණා.,Correct,ඇය මගේ අදහසට එකඟ වුණා.
වුණා. එකඟ අදහසට මගේ ඇය,Incorrect,ඇය මගේ අදහසට එකඟ වුණා.
මිනිසෙක් ඔසවා ඇති මෝටර් රථයක් සෝදමින් සිටියි.,Correct,මිනිසෙක් ඔසවා ඇති මෝටර් රථයක් සෝදමින් සිටියි.
රථයක් ඇති සිටියි. සෝදමින් ඔසවා මෝටර් මිනිසෙක්,Incorrect,මිනිසෙක් ඔසවා ඇති මෝටර් රථයක් සෝදමින් සිටියි.
වැව කොතරම් ගැඹුරුද?.,Correct,වැව කොතරම් ගැඹුරුද?.
වැව ගැඹුරුද?. කොතරම්,Incorrect,වැව කොතරම් ගැඹුරුද?.
ඔයාට තේරෙනව ද?.,Correct,ඔයාට තේරෙනව ද?.
තේරෙනව ද?. ඔයාට,Incorrect,ඔයාට තේරෙනව ද?.
මොකක් හරි අවුලක්ද?.,Correct,මොකක් හරි අවුලක්ද?.
අවුලක්ද?. මොකක් හරි,Incorrect,මොකක් හරි අවුලක්ද?.
මගේ පොත කොහෙද?.,Correct,මගේ පොත කොහෙද?.
කොහෙද?. පොත මගේ,Incorrect,මගේ පොත කොහෙද?.
මට මගේ පුතා ගැන ආඩම්බරයි.,Correct,මට මගේ පුතා ගැන ආඩම්බරයි.
මට ගැන ආඩම්බරයි. මගේ පුතා,Incorrect,මට මගේ පුතා ගැන ආඩම්බරයි.
ඔහු මගේ අදහස පිළිගත්තා.,Correct,ඔහු මගේ අදහස පිළිගත්තා.
අදහස මගේ පිළිගත්තා. ඔහු,Incorrect,ඔහු මගේ අදහස පිළිගත්තා.
දැන් ඇවිත් මාව බලන්න.,Correct,දැන් ඇවිත් මාව බලන්න.
බලන්න. ඇවිත් මාව දැන්,Incorrect,දැන් ඇවිත් මාව බලන්න.
මෝටර් රථ යාන්ත්‍රිකයෙක් කාර් එකක උවසුන වෙතට බටයකින් වතුර පහරක් එල්ල කරයි.,Correct,මෝටර් රථ යාන්ත්‍රිකයෙක් කාර් එකක උවසුන වෙතට බටයකින් වතුර පහරක් එල්ල කරයි.
එකක උවසුන බටයකින් මෝටර් කාර් වෙතට කරයි. පහරක් වතුර රථ යාන්ත්‍රිකයෙක් එල්ල,Incorrect,මෝටර් රථ යාන්ත්‍රිකයෙක් කාර් එකක උවසුන වෙතට බටයකින් වතුර පහරක් එල්ල කරයි.
අප යා යුත්තේ කොතැනටද?.,Correct,අප යා යුත්තේ කොතැනටද?.
යුත්තේ අප කොතැනටද?. යා,Incorrect,අප යා යුත්තේ කොතැනටද?.
මගේ පොත කොහෙද?.,Correct,මගේ පොත කොහෙද?.
මගේ කොහෙද?. පොත,Incorrect,මගේ පොත කොහෙද?.
ඔයාට තේරෙනව ද?.,Correct,ඔයාට තේරෙනව ද?.
ද?. ඔයාට තේරෙනව,Incorrect,ඔයාට තේරෙනව ද?.
ක්‍රීඩකයෙක් ඔහුගේ පිත්ත ඔසවයි.,Correct,ක්‍රීඩකයෙක් ඔහුගේ පිත්ත ඔසවයි.
ඔහුගේ ඔසවයි. ක්‍රීඩකයෙක් පිත්ත,Incorrect,ක්‍රීඩකයෙක් ඔහුගේ පිත්ත ඔසවයි.
අපි ඒක රස වින්දා.,Correct,අපි ඒක රස වින්දා.
රස වින්දා. අපි ඒක,Incorrect,අපි ඒක රස වින්දා.
මට මගේ පුතා ගැන ආඩම්බරයි.,Correct,මට මගේ පුතා ගැන ආඩම්බරයි.
පුතා මගේ ආඩම්බරයි. මට ගැන,Incorrect,මට මගේ පුතා ගැන ආඩම්බරයි.
කවුද මේක කැඩුවේ?.,Correct,කවුද මේක කැඩුවේ?.
කැඩුවේ?. මේක කවුද,Incorrect,කවුද මේක කැඩුවේ?.
මම දොර අරින්නද?.,Correct,මම දොර අරින්නද?.
අරින්නද?. දොර මම,Incorrect,මම දොර අරින්නද?.
වැව කොතරම් ගැඹුරුද?.,Correct,වැව කොතරම් ගැඹුරුද?.
වැව කොතරම් ගැඹුරුද?.,Incorrect,වැව කොතරම් ගැඹුරුද?.
කවුද මේක කැඩුවේ?.,Correct,කවුද මේක කැඩුවේ?.
කැඩුවේ?. කවුද මේක,Incorrect,කවුද මේක කැඩුවේ?.
ඔයා කොහේද යන්නේ?.,Correct,ඔයා කොහේද යන්නේ?.
යන්නේ?. ඔයා කොහේද,Incorrect,ඔයා කොහේද යන්නේ?.
මට ඔයාව ගොඩක් මතක් වුණා.,Correct,මට ඔයාව ගොඩක් මතක් වුණා.
ඔයාව ගොඩක් මතක් මට වුණා.,Incorrect,මට ඔයාව ගොඩක් මතක් වුණා.
ඔයා මට ආදරේ ද?.,Correct,ඔයා මට ආදරේ ද?.
මට ඔයා ද?. ආදරේ,Incorrect,ඔයා මට ආදරේ ද?.
ඔබ යම් අදහසක් තියෙනවද?.,Correct,ඔබ යම් අදහසක් තියෙනවද?.
තියෙනවද?. යම් අදහසක් ඔබ,Incorrect,ඔබ යම් අදහසක් තියෙනවද?.
මට ඔයාට කළ හැක්කේ කුමක් ද?.,Correct,මට ඔයාට කළ හැක්කේ කුමක් ද?.
ඔයාට කළ හැක්කේ කුමක් මට ද?.,Incorrect,මට ඔයාට කළ හැක්කේ කුමක් ද?.
ඇය ඉපදුනේ කවද්ද?.,Correct,ඇය ඉපදුනේ කවද්ද?.
ඇය ඉපදුනේ කවද්ද?.,Incorrect,ඇය ඉපදුනේ කවද්ද?.
ප්‍රශ්නය කුමක් ද?.,Correct,ප්‍රශ්නය කුමක් ද?.
ද?. කුමක් ප්‍රශ්නය,Incorrect,ප්‍රශ්නය කුමක් ද?.
මොකක්ද ඒ ශබ්දය?.,Correct,මොකක්ද ඒ ශබ්දය?.
මොකක්ද ශබ්දය?. ඒ,Incorrect,මොකක්ද ඒ ශබ්දය?.
ඔබට හොඳක් දැනෙනවාද?.,Correct,ඔබට හොඳක් දැනෙනවාද?.
හොඳක් ඔබට දැනෙනවාද?.,Incorrect,ඔබට හොඳක් දැනෙනවාද?.
ඇය මගේ අදහසට එකඟ වුණා.,Correct,ඇය මගේ අදහසට එකඟ වුණා.
වුණා. අදහසට එකඟ මගේ ඇය,Incorrect,ඇය මගේ අදහසට එකඟ වුණා.
ඇය මගේ අදහසට එකඟ වුණා.,Correct,ඇය මගේ අදහසට එකඟ වුණා.
ඇය වුණා. අදහසට එකඟ මගේ,Incorrect,ඇය මගේ අදහසට එකඟ වුණා.
අපි එන්නේ කවදාද?.,Correct,අපි එන්නේ කවදාද?.
එන්නේ කවදාද?. අපි,Incorrect,අපි එන්නේ කවදාද?.
ඔයා කොහේද යන්නේ?.,Correct,ඔයා කොහේද යන්නේ?.
ඔයා කොහේද යන්නේ?.,Incorrect,ඔයා කොහේද යන්නේ?.
වැව කොතරම් ගැඹුරුද?.,Correct,වැව කොතරම් ගැඹුරුද?.
වැව කොතරම් ගැඹුරුද?.,Incorrect,වැව කොතරම් ගැඹුරුද?.
හැමදේටම ස්තුතියි.,Correct,හැමදේටම ස්තුතියි.
හැමදේටම ස්තුතියි.,Incorrect,හැමදේටම ස්තුතියි.
ඔබගේ ගමනානාන්තය කොහෙද?.,Correct,ඔබගේ ගමනානාන්තය කොහෙද?.
කොහෙද?. ඔබගේ ගමනානාන්තය,Incorrect,ඔබගේ ගමනානාන්තය කොහෙද?.
මම ඔයාට හොගාක් ආදරෙයි.,Correct,මම ඔයාට හොගාක් ආදරෙයි.
හොගාක් ආදරෙයි. මම ඔයාට,Incorrect,මම ඔයාට හොගාක් ආදරෙයි.
මොකක් හරි අවුලක්ද?.,Correct,මොකක් හරි අවුලක්ද?.
හරි අවුලක්ද?. මොකක්,Incorrect,මොකක් හරි අවුලක්ද?.
අපි එන්නේ කවදාද?.,Correct,අපි එන්නේ කවදාද?.
කවදාද?. අපි එන්නේ,Incorrect,අපි එන්නේ කවදාද?.
මිනිසෙක් ධාවනය වන මොටර් රථයක එල්ලී සිටියි.,Correct,මිනිසෙක් ධාවනය වන මොටර් රථයක එල්ලී සිටියි.
එල්ලී මිනිසෙක් ධාවනය මොටර් රථයක සිටියි. වන,Incorrect,මිනිසෙක් ධාවනය වන මොටර් රථයක එල්ලී සිටියි.
වැව කොතරම් ගැඹුරුද?.,Correct,වැව කොතරම් ගැඹුරුද?.
කොතරම් ගැඹුරුද?. වැව,Incorrect,වැව කොතරම් ගැඹුරුද?.
ගොඩක් සල්ලි තියෙනවා.,Correct,ගොඩක් සල්ලි තියෙනවා.
තියෙනවා. සල්ලි ගොඩක්,Incorrect,ගොඩක් සල්ලි තියෙනවා.
ඔයාට ඕන කුමක් ද?.,Correct,ඔයාට ඕන කුමක් ද?.
කුමක් ඕන ඔයාට ද?.,Incorrect,ඔයාට ඕන කුමක් ද?.
ඔයා කොහේ සිට ද?.,Correct,ඔයා කොහේ සිට ද?.
කොහේ ද?. ඔයා සිට,Incorrect,ඔයා කොහේ සිට ද?.
ඔයා කොහේද යන්නේ?.,Correct,ඔයා කොහේද යන්නේ?.
කොහේද ඔයා යන්නේ?.,Incorrect,ඔයා කොහේද යන්නේ?.
මෝටර් රථ යාන්ත්‍රිකයෙක් කාර් එකක උවසුන වෙතට බටයකින් වතුර පහරක් එල්ල කරයි.,Correct,මෝටර් රථ යාන්ත්‍රිකයෙක් කාර් එකක උවසුන වෙතට බටයකින් වතුර පහරක් එල්ල කරයි.
බටයකින් වතුර රථ කාර් මෝටර් යාන්ත්‍රිකයෙක් වෙතට පහරක් කරයි. එල්ල උවසුන එකක,Incorrect,මෝටර් රථ යාන්ත්‍රිකයෙක් කාර් එකක උවසුන වෙතට බටයකින් වතුර පහරක් එල්ල කරයි.
අපි ඇවිදින්න පටන් ගත්තා.,Correct,අපි ඇවිදින්න පටන් ගත්තා.
ගත්තා. පටන් ඇවිදින්න අපි,Incorrect,අපි ඇවිදින්න පටන් ගත්තා.
ඔබේ කාමරය කොහෙද?.,Correct,ඔබේ කාමරය කොහෙද?.
ඔබේ කොහෙද?. කාමරය,Incorrect,ඔබේ කාමරය කොහෙද?.
අපිට සල්ලි ටිකක් ඕන.,Correct,අපිට සල්ලි ටිකක් ඕන.
ටිකක් අපිට ඕන. සල්ලි,Incorrect,අපිට සල්ලි ටිකක් ඕන.
මට ඒ ගැන හිතන්න දෙන්න.,Correct,මට ඒ ගැන හිතන්න දෙන්න.
හිතන්න මට ගැන ඒ දෙන්න.,Incorrect,මට ඒ ගැන හිතන්න දෙන්න.
අපි කවදාවත් එකඟ වෙන්නේ නැහැ.,Correct,අපි කවදාවත් එකඟ වෙන්නේ නැහැ.
වෙන්නේ අපි කවදාවත් එකඟ නැහැ.,Incorrect,අපි කවදාවත් එකඟ වෙන්නේ නැහැ.
හැමදේටම ස්තුතියි.,Correct,හැමදේටම ස්තුතියි.
හැමදේටම ස්තුතියි.,Incorrect,හැමදේටම ස්තුතියි.
ඔබේ ගැටලුව කුමක්ද?.,Correct,ඔබේ ගැටලුව කුමක්ද?.
කුමක්ද?. ගැටලුව ඔබේ,Incorrect,ඔබේ ගැටලුව කුමක්ද?.
මට කිසිවක් නොපෙනේ.,Correct,මට කිසිවක් නොපෙනේ.
කිසිවක් නොපෙනේ. මට,Incorrect,මට කිසිවක් නොපෙනේ.
කරුණාකර මට උදව් කරනවද?.,Correct,කරුණාකර මට උදව් කරනවද?.
කරනවද?. උදව් කරුණාකර මට,Incorrect,කරුණාකර මට උදව් කරනවද?.
ඔබ ලිපියක් ලියනවාද?.,Correct,ඔබ ලිපියක් ලියනවාද?.
ලියනවාද?. ඔබ ලිපියක්,Incorrect,ඔබ ලිපියක් ලියනවාද?.
ඔබට හොඳක් දැනෙනවාද?.,Correct,ඔබට හොඳක් දැනෙනවාද?.
දැනෙනවාද?. හොඳක් ඔබට,Incorrect,ඔබට හොඳක් දැනෙනවාද?.
පුද්ගලයෙක් මෝටර් රථයක් පිරිසිදු කරයි.,Correct,පුද්ගලයෙක් මෝටර් රථයක් පිරිසිදු කරයි.
පුද්ගලයෙක් කරයි. රථයක් මෝටර් පිරිසිදු,Incorrect,පුද්ගලයෙක් මෝටර් රථයක් පිරිසිදු කරයි.
අපි හැමදාම උයනවා.,Correct,අපි හැමදාම උයනවා.
හැමදාම උයනවා. අපි,Incorrect,අපි හැමදාම උයනවා.
මම ඔයාට උදව් කරන්නේ කෙසේ ද?.,Correct,මම ඔයාට උදව් කරන්නේ කෙසේ ද?.
උදව් මම ද?. කරන්නේ කෙසේ ඔයාට,Incorrect,මම ඔයාට උදව් කරන්නේ කෙසේ ද?.
මිනිසුන් දෙදෙනෙකු මෝටර් රථ ක්‍රීඩාවක යෙදෙයි.,Correct,මිනිසුන් දෙදෙනෙකු මෝටර් රථ ක්‍රීඩාවක යෙදෙයි.
යෙදෙයි. රථ ක්‍රීඩාවක මෝටර් මිනිසුන් දෙදෙනෙකු,Incorrect,මිනිසුන් දෙදෙනෙකු මෝටර් රථ ක්‍රීඩාවක යෙදෙයි.
කුමන නිවැරදිද?.,Correct,කුමන නිවැරදිද?.
කුමන නිවැරදිද?.,Incorrect,කුමන නිවැරදිද?.
මම ඔබට බාධා කරන්නේ නැහැ.,Correct,මම ඔබට බාධා කරන්නේ නැහැ.
ඔබට මම බාධා නැහැ. කරන්නේ,Incorrect,මම ඔබට බාධා කරන්නේ නැහැ.
වැව කොතරම් ගැඹුරුද?.,Correct,වැව කොතරම් ගැඹුරුද?.
වැව කොතරම් ගැඹුරුද?.,Incorrect,වැව කොතරම් ගැඹුරුද?.
කරුණාකර දොර වසන්න.,Correct,කරුණාකර දොර වසන්න.
වසන්න. කරුණාකර දොර,Incorrect,කරුණාකර දොර වසන්න.
ඒ ළමයා බුද්ධිමත්.,Correct,ඒ ළමයා බුද්ධිමත්.
ඒ ළමයා බුද්ධිමත්.,Incorrect,ඒ ළමයා බුද්ධිමත්.
අපි එකිනෙකාට ආදරෙයි.,Correct,අපි එකිනෙකාට ආදරෙයි.
එකිනෙකාට අපි ආදරෙයි.,Incorrect,අපි එකිනෙකාට ආදරෙයි.
ගංගාව කොහෙද?.,Correct,ගංගාව කොහෙද?.
කොහෙද?. ගංගාව,Incorrect,ගංගාව කොහෙද?.
ඔයා කොහේ ද?.,Correct,ඔයා කොහේ ද?.
ද?. කොහේ ඔයා,Incorrect,ඔයා කොහේ ද?.
මට ඔයාට කළ හැක්කේ කුමක් ද?.,Correct,මට ඔයාට කළ හැක්කේ කුමක් ද?.
මට ඔයාට කළ ද?. කුමක් හැක්කේ,Incorrect,මට ඔයාට කළ හැක්කේ කුමක් ද?.
මොකක්ද කතාව?.,Correct,මොකක්ද කතාව?.
කතාව?. මොකක්ද,Incorrect,මොකක්ද කතාව?.
ඔබේ කාමරය කොහෙද?.,Correct,ඔබේ කාමරය කොහෙද?.
කොහෙද?. කාමරය ඔබේ,Incorrect,ඔබේ කාමරය කොහෙද?.
මෝටර්සයිකල් තරඟයකදී තරඟකරුවෙක් අනෙකා හඹා යයි.,Correct,මෝටර්සයිකල් තරඟයකදී තරඟකරුවෙක් අනෙකා හඹා යයි.
හඹා මෝටර්සයිකල් අනෙකා යයි. තරඟකරුවෙක් තරඟයකදී,Incorrect,මෝටර්සයිකල් තරඟයකදී තරඟකරුවෙක් අනෙකා හඹා යයි.
පුද්ගලයෙක් මෝටර් රථයක් පිරිසිදු කරයි.,Correct,පුද්ගලයෙක් මෝටර් රථයක් පිරිසිදු කරයි.
පිරිසිදු පුද්ගලයෙක් රථයක් කරයි. මෝටර්,Incorrect,පුද්ගලයෙක් මෝටර් රථයක් පිරිසිදු කරයි.
ඔබ ලිපියක් ලියනවාද?.,Correct,ඔබ ලිපියක් ලියනවාද?.
ලිපියක් ලියනවාද?. ඔබ,Incorrect,ඔබ ලිපියක් ලියනවාද?.
අපිට සල්ලි ටිකක් ඕන.,Correct,අපිට සල්ලි ටිකක් ඕන.
අපිට ඕන. ටිකක් සල්ලි,Incorrect,අපිට සල්ලි ටිකක් ඕන.
මොකක් හරි අවුලක්ද?.,Correct,මොකක් හරි අවුලක්ද?.
මොකක් හරි අවුලක්ද?.,Incorrect,මොකක් හරි අවුලක්ද?.
මට හිතන එක නවත්තන්න බෑ.,Correct,මට හිතන එක නවත්තන්න බෑ.
හිතන එක නවත්තන්න බෑ. මට,Incorrect,මට හිතන එක නවත්තන්න බෑ.
මගේ පොත කොහෙද?.,Correct,මගේ පොත කොහෙද?.
කොහෙද?. මගේ පොත,Incorrect,මගේ පොත කොහෙද?.
කවුද මේක කැඩුවේ?.,Correct,කවුද මේක කැඩුවේ?.
කැඩුවේ?. කවුද මේක,Incorrect,කවුද මේක කැඩුවේ?.
මම මේ සතියේ ගොඩක් කාර්යබහුලයි.,Correct,මම මේ සතියේ ගොඩක් කාර්යබහුලයි.
මේ කාර්යබහුලයි. ගොඩක් මම සතියේ,Incorrect,මම මේ සතියේ ගොඩක් කාර්යබහුලයි.
ඔයාට අවශ්ය කුමක් ද?.,Correct,ඔයාට අවශ්ය කුමක් ද?.
ඔයාට අවශ්ය කුමක් ද?.,Incorrect,ඔයාට අවශ්ය කුමක් ද?.
දැන් ඇවිත් මාව බලන්න.,Correct,දැන් ඇවිත් මාව බලන්න.
බලන්න. දැන් ඇවිත් මාව,Incorrect,දැන් ඇවිත් මාව බලන්න.
කොහොමද ඔබගේ පවුලේ අය ගැන?.,Correct,කොහොමද ඔබගේ පවුලේ අය ගැන?.
පවුලේ අය ගැන?. ඔබගේ කොහොමද,Incorrect,කොහොමද ඔබගේ පවුලේ අය ගැන?.
කවුද මේක කැඩුවේ?.,Correct,කවුද මේක කැඩුවේ?.
මේක කවුද කැඩුවේ?.,Incorrect,කවුද මේක කැඩුවේ?.
ඇයි ඔබ අඬන්නේ?.,Correct,ඇයි ඔබ අඬන්නේ?.
ඇයි ඔබ අඬන්නේ?.,Incorrect,ඇයි ඔබ අඬන්නේ?.
කොහොමද ඔබගේ පවුලේ අය ගැන?.,Correct,කොහොමද ඔබගේ පවුලේ අය ගැන?.
ගැන?. අය කොහොමද ඔබගේ පවුලේ,Incorrect,කොහොමද ඔබගේ පවුලේ අය ගැන?.
ප්‍රශ්නය කුමක් ද?.,Correct,ප්‍රශ්නය කුමක් ද?.
කුමක් ද?. ප්‍රශ්නය,Incorrect,ප්‍රශ්නය කුමක් ද?.
අපට කන්න පුළුවන් කවදාද?.,Correct,අපට කන්න පුළුවන් කවදාද?.
කවදාද?. අපට පුළුවන් කන්න,Incorrect,අපට කන්න පුළුවන් කවදාද?.
ඔයාට තේරෙනව ද?.,Correct,ඔයාට තේරෙනව ද?.
තේරෙනව ද?. ඔයාට,Incorrect,ඔයාට තේරෙනව ද?.
කරුණාකර දොර වසන්න.,Correct,කරුණාකර දොර වසන්න.
දොර වසන්න. කරුණාකර,Incorrect,කරුණාකර දොර වසන්න.
ඔයා කොහේද යන්නේ?.,Correct,ඔයා කොහේද යන්නේ?.
යන්නේ?. කොහේද ඔයා,Incorrect,ඔයා කොහේද යන්නේ?.
එය කුමක් ද?.,Correct,එය කුමක් ද?.
ද?. එය කුමක්,Incorrect,එය කුමක් ද?.
අප යා යුත්තේ කොතැනටද?.,Correct,අප යා යුත්තේ කොතැනටද?.
යුත්තේ යා අප කොතැනටද?.,Incorrect,අප යා යුත්තේ කොතැනටද?.
ගොඩක් සල්ලි තියෙනවා.,Correct,ගොඩක් සල්ලි තියෙනවා.
ගොඩක් සල්ලි තියෙනවා.,Incorrect,ගොඩක් සල්ලි තියෙනවා.
ඔයාට තේරෙනව ද?.,Correct,ඔයාට තේරෙනව ද?.
ද?. තේරෙනව ඔයාට,Incorrect,ඔයාට තේරෙනව ද?.
ඔයාට කොහොම ද?.,Correct,ඔයාට කොහොම ද?.
කොහොම ද?. ඔයාට,Incorrect,ඔයාට කොහොම ද?.
මිනිසෙක් ඔසවා ඇති මෝටර් රථයක් සෝදමින් සිටියි.,Correct,මිනිසෙක් ඔසවා ඇති මෝටර් රථයක් සෝදමින් සිටියි.
මිනිසෙක් ඇති සිටියි. ඔසවා රථයක් සෝදමින් මෝටර්,Incorrect,මිනිසෙක් ඔසවා ඇති මෝටර් රථයක් සෝදමින් සිටියි.
ඔබ යන්න කැමතිද?.,Correct,ඔබ යන්න කැමතිද?.
ඔබ කැමතිද?. යන්න,Incorrect,ඔබ යන්න කැමතිද?.
ඔබට යමක් අවශ්යද?.,Correct,ඔබට යමක් අවශ්යද?.
යමක් ඔබට අවශ්යද?.,Incorrect,ඔබට යමක් අවශ්යද?.
මම ඒකට ගොඩක් කැමතියි.,Correct,මම ඒකට ගොඩක් කැමතියි.
ඒකට ගොඩක් මම කැමතියි.,Incorrect,මම ඒකට ගොඩක් කැමතියි.
ඔයා කොහේ සිට ද?.,Correct,ඔයා කොහේ සිට ද?.
ඔයා කොහේ සිට ද?.,Incorrect,ඔයා කොහේ සිට ද?.
මිනිසෙක් ඔසවා ඇති මෝටර් රථයක් සෝදමින් සිටියි.,Correct,මිනිසෙක් ඔසවා ඇති මෝටර් රථයක් සෝදමින් සිටියි.
ඔසවා ඇති සිටියි. රථයක් සෝදමින් මිනිසෙක් මෝටර්,Incorrect,මිනිසෙක් ඔසවා ඇති මෝටර් රථයක් සෝදමින් සිටියි.
ඔබේ කාමරය කොහෙද?.,Correct,ඔබේ කාමරය කොහෙද?.
කොහෙද?. ඔබේ කාමරය,Incorrect,ඔබේ කාමරය කොහෙද?.
ඔයා අද කරන්නේ කුමක් ද?.,Correct,ඔයා අද කරන්නේ කුමක් ද?.
ඔයා කරන්නේ ද?. කුමක් අද,Incorrect,ඔයා අද කරන්නේ කුමක් ද?.
ගෙදර ඉන්නවද?.,Correct,ගෙදර ඉන්නවද?.
ගෙදර ඉන්නවද?.,Incorrect,ගෙදර ඉන්නවද?.
ඔබට යමක් අවශ්යද?.,Correct,ඔබට යමක් අවශ්යද?.
යමක් ඔබට අවශ්යද?.,Incorrect,ඔබට යමක් අවශ්යද?.
මට කිසිවක් නොපෙනේ.,Correct,මට කිසිවක් නොපෙනේ.
කිසිවක් නොපෙනේ. මට,Incorrect,මට කිසිවක් නොපෙනේ.
ඔබ යම් අදහසක් තියෙනවද?.,Correct,ඔබ යම් අදහසක් තියෙනවද?.
යම් ඔබ අදහසක් තියෙනවද?.,Incorrect,ඔබ යම් අදහසක් තියෙනවද?.
අපි ඒක රස වින්දා.,Correct,අපි ඒක රස වින්දා.
රස වින්දා. අපි ඒක,Incorrect,අපි ඒක රස වින්දා.
මිනිසුන් දෙදෙනෙකු මෝටර් රථ ක්‍රීඩාවක යෙදෙයි.,Correct,මිනිසුන් දෙදෙනෙකු මෝටර් රථ ක්‍රීඩාවක යෙදෙයි.
මිනිසුන් ක්‍රීඩාවක මෝටර් දෙදෙනෙකු රථ යෙදෙයි.,Incorrect,මිනිසුන් දෙදෙනෙකු මෝටර් රථ ක්‍රීඩාවක යෙදෙයි.
ඒ ළමයා බුද්ධිමත්.,Correct,ඒ ළමයා බුද්ධිමත්.
බුද්ධිමත්. ළමයා ඒ,Incorrect,ඒ ළමයා බුද්ධිමත්.
ඔයා කීවේ කුමක් ද?.,Correct,ඔයා කීවේ කුමක් ද?.
ඔයා කීවේ ද?. කුමක්,Incorrect,ඔයා කීවේ කුමක් ද?.
ඔබට යමක් අවශ්යද?.,Correct,ඔබට යමක් අවශ්යද?.
යමක් ඔබට අවශ්යද?.,Incorrect,ඔබට යමක් අවශ්යද?.
ඇය මගේ අදහසට එකඟ වුණා.,Correct,ඇය මගේ අදහසට එකඟ වුණා.
අදහසට මගේ ඇය එකඟ වුණා.,Incorrect,ඇය මගේ අදහසට එකඟ වුණා.
ඔබේ කාමරය කොහෙද?.,Correct,ඔබේ කාමරය කොහෙද?.
කොහෙද?. ඔබේ කාමරය,Incorrect,ඔබේ කාමරය කොහෙද?.
අපි කවදාවත් එකඟ වෙන්නේ නැහැ.,Correct,අපි කවදාවත් එකඟ වෙන්නේ නැහැ.
කවදාවත් වෙන්නේ අපි එකඟ නැහැ.,Incorrect,අපි කවදාවත් එකඟ වෙන්නේ නැහැ.
අපට කන්න පුළුවන් කවදාද?.,Correct,අපට කන්න පුළුවන් කවදාද?.
කවදාද?. පුළුවන් කන්න අපට,Incorrect,අපට කන්න පුළුවන් කවදාද?.
මම ඔබට බාධා කරන්නේ නැහැ.,Correct,මම ඔබට බාධා කරන්නේ නැහැ.
නැහැ. මම කරන්නේ ඔබට බාධා,Incorrect,මම ඔබට බාධා කරන්නේ නැහැ.
ඔබ ඉගෙන ගන්නේ කවදාද?.,Correct,ඔබ ඉගෙන ගන්නේ කවදාද?.
කවදාද?. ඔබ ගන්නේ ඉගෙන,Incorrect,ඔබ ඉගෙන ගන්නේ කවදාද?.
ගෙදර ඉන්නවද?.,Correct,ගෙදර ඉන්නවද?.
ගෙදර ඉන්නවද?.,Incorrect,ගෙදර ඉන්නවද?.
මිනිසෙක් ඔසවා ඇති මෝටර් රථයක් සෝදමින් සිටියි.,Correct,මිනිසෙක් ඔසවා ඇති මෝටර් රථයක් සෝදමින් සිටියි.
ඇති මිනිසෙක් රථයක් සිටියි. මෝටර් සෝදමින් ඔසවා,Incorrect,මිනිසෙක් ඔසවා ඇති මෝටර් රථයක් සෝදමින් සිටියි.
අපි කවදාවත් එකඟ වෙන්නේ නැහැ.,Correct,අපි කවදාවත් එකඟ වෙන්නේ නැහැ.
නැහැ. එකඟ අපි වෙන්නේ කවදාවත්,Incorrect,අපි කවදාවත් එකඟ වෙන්නේ නැහැ.
මම මේ සතියේ ගොඩක් කාර්යබහුලයි.,Correct,මම මේ සතියේ ගොඩක් කාර්යබහුලයි.
ගොඩක් සතියේ කාර්යබහුලයි. මේ මම,Incorrect,මම මේ සතියේ ගොඩක් කාර්යබහුලයි.
මම ඔයාට හොගාක් ආදරෙයි.,Correct,මම ඔයාට හොගාක් ආදරෙයි.
හොගාක් ආදරෙයි. ඔයාට මම,Incorrect,මම ඔයාට හොගාක් ආදරෙයි.
ඔයා අද කරන්නේ කුමක් ද?.,Correct,ඔයා අද කරන්නේ කුමක් ද?.
ඔයා කුමක් ද?. අද කරන්නේ,Incorrect,ඔයා අද කරන්නේ කුමක් ද?.
ඇයි ඔබ අඬන්නේ?.,Correct,ඇයි ඔබ අඬන්නේ?.
ඔබ ඇයි අඬන්නේ?.,Incorrect,ඇයි ඔබ අඬන්නේ?.
මිනිසෙකු වාහනයක් අලුත් වැඩියා කරයි.,Correct,මිනිසෙකු වාහනයක් අලුත් වැඩියා කරයි.
අලුත් වැඩියා කරයි. මිනිසෙකු වාහනයක්,Incorrect,මිනිසෙකු වාහනයක් අලුත් වැඩියා කරයි.
මම ඒකට ගොඩක් කැමතියි.,Correct,මම ඒකට ගොඩක් කැමතියි.
කැමතියි. ගොඩක් මම ඒකට,Incorrect,මම ඒකට ගොඩක් කැමතියි.
ඔයා කරන්නේ කුමක් ද?.,Correct,ඔයා කරන්නේ කුමක් ද?.
ද?. ඔයා කුමක් කරන්නේ,Incorrect,ඔයා කරන්නේ කුමක් ද?.
හැමදේටම ස්තුතියි.,Correct,හැමදේටම ස්තුතියි.
ස්තුතියි. හැමදේටම,Incorrect,හැමදේටම ස්තුතියි.
මිනිසෙකු වාහනයක් අලුත් වැඩියා කරයි.,Correct,මිනිසෙකු වාහනයක් අලුත් වැඩියා කරයි.
මිනිසෙකු අලුත් කරයි. වාහනයක් වැඩියා,Incorrect,මිනිසෙකු වාහනයක් අලුත් වැඩියා කරයි.
මට ඔයාව ගොඩක් මතක් වුණා.,Correct,මට ඔයාව ගොඩක් මතක් වුණා.
ඔයාව මතක් මට වුණා. ගොඩක්,Incorrect,මට ඔයාව ගොඩක් මතක් වුණා.
ඔබට බාධා කිරීම ගැන මට කණගාටුයි.,Correct,ඔබට බාධා කිරීම ගැන මට කණගාටුයි.
බාධා කණගාටුයි. ගැන මට ඔබට කිරීම,Incorrect,ඔබට බාධා කිරීම ගැන මට කණගාටුයි.
ඔබේ පවුලේ අය සමඟ එන්න.,Correct,ඔබේ පවුලේ අය සමඟ එන්න.
සමඟ ඔබේ පවුලේ එන්න. අය,Incorrect,ඔබේ පවුලේ අය සමඟ එන්න.
ගොඩක් සල්ලි තියෙනවා.,Correct,ගොඩක් සල්ලි තියෙනවා.
තියෙනවා. ගොඩක් සල්ලි,Incorrect,ගොඩක් සල්ලි තියෙනවා.
ඔයා කොහේ සිට ද?.,Correct,ඔයා කොහේ සිට ද?.
ඔයා කොහේ සිට ද?.,Incorrect,ඔයා කොහේ සිට ද?.
මම ඒකට ගොඩක් කැමතියි.,Correct,මම ඒකට ගොඩක් කැමතියි.
මම කැමතියි. ඒකට ගොඩක්,Incorrect,මම ඒකට ගොඩක් කැමතියි.
ඔයා මට ආදරේ ද?.,Correct,ඔයා මට ආදරේ ද?.
මට ද?. ආදරේ ඔයා,Incorrect,ඔයා මට ආදරේ ද?.
අපිට වෙනසක් කරන්න පුළුවන්.,Correct,අපිට වෙනසක් කරන්න පුළුවන්.
වෙනසක් පුළුවන්. කරන්න අපිට,Incorrect,අපිට වෙනසක් කරන්න පුළුවන්.
ඔයාට තේරෙනව ද?.,Correct,ඔයාට තේරෙනව ද?.
ඔයාට තේරෙනව ද?.,Incorrect,ඔයාට තේරෙනව ද?.
ඔයාගේ නම කුමක් ද.,Correct,ඔයාගේ නම කුමක් ද.
කුමක් ඔයාගේ ද. නම,Incorrect,ඔයාගේ නම කුමක් ද.
අප යා යුත්තේ කොතැනටද?.,Correct,අප යා යුත්තේ කොතැනටද?.
අප යා කොතැනටද?. යුත්තේ,Incorrect,අප යා යුත්තේ කොතැනටද?.
ඔයා කොහේ සිට ද?.,Correct,ඔයා කොහේ සිට ද?.
ඔයා ද?. කොහේ සිට,Incorrect,ඔයා කොහේ සිට ද?.
අපි හැමදාම උයනවා.,Correct,අපි හැමදාම උයනවා.
උයනවා. අපි හැමදාම,Incorrect,අපි හැමදාම උයනවා.
මම කෑම කමි,Correct,මම කෑම කමි
මම පාඩම් කරමි,Correct,මම පාඩම් කරමි
මම නිදාගන්නවා,Incorrect,මම නිදියන්නෙමි
අපි පාඩම් කරමු,Correct,අපි පාඩම් කරමු
අපි කෑම කමු,Correct,අපි කෑම කමු
අපි ගමනක් යමු,Correct,අපි ගමනක් යමු
අපි ගෙදර යන්නෙමු,Correct,අපි ගෙදර යන්නෙමු
මම පොත් කියවමි.,Correct,මම පොත් කියවමි.
මම  මුද්දර එකතුකරමි.,Correct,මම  මුද්දර එකතුකරමි.
මම ගීතය අහමි.,Correct,මම ගීතය අහමි.
මම කාර්යයක් සිදු කරමි.,Correct,මම කාර්යයක් සිදු කරමි.
මම ගමනක් යමි.,Correct,මම ගමනක් යමි.
මම සංගීතය රසවිඳිමි.,Correct,මම සංගීතය රසවිඳිමි.
මම ව්‍යායාම කරමි.,Correct,මම ව්‍යායාම කරමි.
මම උත්සවයට සම්බන්ධ වෙමි.,Correct,මම උත්සවයට සම්බන්ධ වෙමි.
මම සාමික වූ බව පවසමි.,Correct,මම සාමික වූ බව පවසමි.
මම රූපයක් ඇඳමි.,Correct,මම රූපයක් ඇඳමි.
මම කාර්යබහුල වෙමි.,Correct,මම කාර්යබහුල වෙමි.
මම නිවස ගැසූවා.,Correct,මම නිවස ගැසූවා.
මම සමාජ සේවය කරමි.,Correct,මම සමාජ සේවය කරමි.
මම චිත්‍රපටයක් නිඹමින් සිටිමි.,Correct,මම චිත්‍රපටයක් නිඹමින් සිටිමි.
මම සාමූහික වැඩකට සම්බන්ධ වෙමි.,Correct,මම සාමූහික වැඩකට සම්බන්ධ වෙමි.
මම වෙළඳපොළේ සවාරි කරන්නෙමි.,Correct,මම වෙළඳපොළේ සවාරි කරන්නෙමි.
මම අරමුණක් ඇතිකරමි.,Correct,මම අරමුණක් ඇතිකරමි.
මම විනෝද වෙමි.,Correct,මම විනෝද වෙමි.
මම අවධානයට ගමි.,Correct,මම අවධානයට ගමි.
මම ගීතයක් කියමි.,Correct,මම ගීතයක් කියමි.
මම මාතෘකාවක් විස්තර කරමි.,Correct,මම මාතෘකාවක් විස්තර කරමි.
මම නළුවෙක් වන්නේ.,Correct,මම නළුවෙක් වන්නේ.
මම කාර්යක් සම්පුර්ණ කරමි.,Correct,මම කාර්යක් සම්පුර්ණ කරමි.
මම සංචාරකයකු වන්නේ.,Correct,මම සංචාරකයකු වන්නේ.
මම පරිසර සුරක්ෂිතකරුවෙකි.,Correct,මම පරිසර සුරක්ෂිතකරුවෙකි.
මම පරිවෘත්තීයත්වයකින් පරිවාසකරමි.,Correct,මම පරිවෘත්තීයත්වයකින් පරිවාසකරමි.
මම විද්‍යාව අධ්‍යයනය කරමි.,Correct,මම විද්‍යාව අධ්‍යයනය කරමි.
මම හේතුගත කරමි.,Correct,මම හේතුගත කරමි.
මම සමූහ සාකච්ඡා වේදිකාවකින් සම්බන්ධ වෙමි.,Correct,මම සමූහ සාකච්ඡා වේදිකාවකින් සම්බන්ධ වෙමි.
මම නිර්මාණාත්මක ක්‍රියාකාරීත්වයක් පවත්වමි.,Correct,මම නිර්මාණාත්මක ක්‍රියාකාරීත්වයක් පවත්වමි.
මම විද්‍යාලයට යනවා.,Correct,මම විද්‍යාලයට යනවා.
මම සන්නිවේදනය කළමි.,Correct,මම සන්නිවේදනය කළමි.
මම නවලේඛන ලියනවා.,Correct,මම නවලේඛන ලියනවා.
මම කණ්ඩායමක් මගින් කටයුතු කරමි.,Correct,මම කණ්ඩායමක් මගින් කටයුතු කරමි.
මම ගමනක් යන්නේ.,Correct,මම ගමනක් යන්නේ.
මම ව්‍යාපාරයක් ආරම්භ කරනවා.,Correct,මම ව්‍යාපාරයක් ආරම්භ කරනවා.
මම පරාජය නිතරනවා.,Correct,මම පරාජය නිතරනවා.
මම සතුටු වේවා.,Correct,මම සතුටු වේවා.
මම කටයුතු හඳුන්වනවා.,Correct,මම කටයුතු හඳුන්වනවා.
මම පාඩමක් ඉගෙනගනිමි.,Correct,මම පාඩමක් ඉගෙනගනිමි.
මම විනෝද සාකච්ඡාවක් පවත්වනවා.,Correct,මම විනෝද සාකච්ඡාවක් පවත්වනවා.
මම ප්‍රබල දේශපාලනවාදයක් හඳුනමි.,Correct,මම ප්‍රබල දේශපාලනවාදයක් හඳුනමි.
මම යහපතක් තැබීමට සම්බන්ධ වෙමි.,Correct,මම යහපතක් තැබීමට සම්බන්ධ වෙමි.
මම ක්‍රීඩාකරුවෙක් වන්නේ.,Correct,මම ක්‍රීඩාකරුවෙක් වන්නේ.
මම සාමයේ ක්‍රියාකාරීත්වය හඳුනමි.,Correct,මම සාමයේ ක්‍රියාකාරීත්වය හඳුනමි.
මම ක්රීඩාවක් කිරීම.,Correct,මම ක්රීඩාවක් කිරීම.
මම යහපතක් තැබීමේ සහාය දක්වන්නේ.,Correct,මම යහපතක් තැබීමේ සහාය දක්වන්නේ.
මම ආසනයක් ලබාගනී.,Correct,මම ආසනයක් ලබාගනී.
මම පාසලට යන්නෙමි.,Correct,මම පාසලට යන්නෙමි.
මම කතා කරන්නේ.,Incorrect,මම කතා කරමි.
මම වැඩ කරනවා.,Incorrect,මම වැඩ කරමි.
මම පාඩම් කරන්නෙමි.,Correct,මම පාඩම් කරමි.
මම විනෝද වෙන්නේ.,Incorrect,මම විනෝද වෙමි.
මම සමාව දෙනවා.,Incorrect,මම සමාව දෙමි.
මම රැස්වීමක් හැසිරියි.,Incorrect,මම රැස්වීමක් හැසිරවීමේ.
මම කේක් එකතු කිරීමේ ක්‍රියාකාරකම්.,Incorrect,මම කේක් එකතු කිරීමේ ක්‍රියාකාරකම් කරමි.
මම නැටුම් පාසලට යන්නේ.,Incorrect,මම නැටුම් පාසලට යමි.
මම ගෙදර යන්නෙමි.,Correct,මම ගෙදර යමි.
මම නිහතමානී වන්නේ.,Incorrect,මම නිහතමානී වෙමි.
මම ක්‍රියාත්මක වීමේ.,Incorrect,මම ක්‍රියාත්මක වෙමි.
මම ඉගෙනුම කරනවා.,Incorrect,මම ඉගෙනුම කරමි.
මම කතා බහ කිරීමේ.,Incorrect,මම කතා බහ කිරීමේ.
මම සංගීතය අසනෙමි.,Correct,මම සංගීතය අසමි.
මම කාලය අනුගමනය කිරීමේ.,Incorrect,මම කාලය අනුගමනය කරමි.
මම ප්‍රතිවාදී වන්නේ.,Incorrect,මම ප්‍රතිවාදී වෙමි.
මම උපකාරකයෙක් වන්නේ.,Incorrect,මම උපකාරකයෙක් වෙමි.
මම ප්‍රයෝජනවත් වන්නේ.,Incorrect,මම ප්‍රයෝජනවත් වෙමි.
මම අනුග්‍රහයක් පිරිනැමේ.,Incorrect,මම අනුග්‍රහයක් පිරිනැමීමේ.
මම සුදුසුකම් හඳුන්වනේ.,Incorrect,මම සුදුසුකම් හඳුන්වමි.
මම ආර්ථිකයන් වන්නේ.,Incorrect,මම ආර්ථිකයන් වෙමි.
මම කාව්‍යය කියන්නේ.,Incorrect,මම කාව්‍යය කියමි.
මම සංස්කෘතික වීම් හඳුනනවා.,Incorrect,මම සංස්කෘතික වීම් හඳුනමි.
මම සම්මාන න්යායිකරුවේ.,Incorrect,මම සම්මාන න්යායිකරුවෙමි.
මම පොත් මිලදී ගැනීමේ.,Incorrect,මම පොත් මිලදී ගැනීමේ.
මම භාරය දක්වනේ.,Incorrect,මම භාරය දක්වමි.
මම නිෂ්පාදන භාවිතා කිරීමේ.,Incorrect,මම නිෂ්පාදන භාවිතා කිරීමේ.
මම උපකාරක වන්නේ.,Incorrect,මම උපකාරක වෙමි.
මම උදව් කරනවා.,Incorrect,මම උදව් කරමි.
මම නිවැරදිව වන්නේ.,Incorrect,මම නිවැරදිව වෙමි.
මම වැරදි වන්නා.,Incorrect,මම වැරදි වෙමි.
මම ශාසනික වන්නේ.,Incorrect,මම ශාසනික වෙමි.
මම ප්‍රජාව සංවර්ධනයේ.,Incorrect,මම ප්‍රජාව සංවර්ධනය කරමි.
මම පරිපූර්ණත්වය හඳුනනවා.,Incorrect,මම පරිපූර්ණත්වය හඳුනමි.
මම යහපතක් හඳුනනවා.,Incorrect,මම යහපතක් හඳුනමි.
මම කෙරී විසඳනේ.,Incorrect,මම කෙරී විසඳමි.
මම සීමාවක් හඳුනනවා.,Incorrect,මම සීමාවක් හඳුනමි.
මම ප්‍රයෝජනවත් බව හඳුනනේ.,Incorrect,මම ප්‍රයෝජනවත් බව හඳුනමි.
මම පරීක්ෂාකරුවේ.,Incorrect,මම පරීක්ෂාකරුවෙමි.
මම නව නිර්මාණ කරනවා.,Incorrect,මම නව නිර්මාණ කරමි.
මම ප්‍රායෝගිකව වන්නේ.,Incorrect,මම ප්‍රායෝගිකව වෙමි.
මම නිර්දේශ කරන්නේ.,Incorrect,මම නිර්දේශ කරමි.
මම පරිසර රැකදෙනේ.,Incorrect,මම පරිසර රැකදෙනෙමි.
මම ප්‍රතිපත්තියක් හඳුනනවා.,Incorrect,මම ප්‍රතිපත්තියක් හඳුනමි.
මම යථා තත්වයට සාර්ථකය.,Incorrect,මම යථා තත්වයට සාර්ථකව වෙමි.
මම නව පනතක් හඳුනනවා.,Incorrect,මම නව පනතක් හඳුනමි.
මම නිවැරදි දේ කියන්නෙමි.,Correct,මම නිවැරදි දේ කියමි.
මම ත්‍යාග කරනවා.,Incorrect,මම ත්‍යාග කරමි.
මම කටයුතු හඳුනනවා.,Incorrect,මම කටයුතු හඳුනමි.
මම හොඳ නායකයකු වන්නේ.,Incorrect,මම හොඳ නායකයකු වෙමි.
මම ප්‍රතිපත්තියක් හැඳින්වීමේ.,Incorrect,මම ප්‍රතිපත්තියක් හැඳින්වීමේ.
මම නිවසක් තැබීමේ.,Incorrect,මම නිවසක් තැබීමේ.
මම ක්‍රියාවක් හඳුනනවා.,Incorrect,මම ක්‍රියාවක් හඳුනමි.
මම කටයුතු හඳුනනවා.,Incorrect,මම කටයුතු හඳුනමි.
මම දක්ෂතා හඳුනනවා.,Incorrect,මම දක්ෂතා හඳුනමි.
මම ප්‍රායෝගික කටයුතු කරන්නේ.,Incorrect,මම ප්‍රායෝගික කටයුතු කරමි.
මම විශිෂ්ටත්වය හඳුනනවා.,Incorrect,මම විශිෂ්ටත්වය හඳුනමි.
මම ප්‍රායෝගික දේ හඳුනනවා.,Incorrect,මම ප්‍රායෝගික දේ හඳුනමි.
මම නිපදවීමේ.,Incorrect,මම නිපදවීමේ.
මම යහපතක් හඳුනනවා.,Incorrect,මම යහපතක් හඳුනමි.
අපි පාඩම් කරමු,Correct,අපි පාඩම් කරමු
අපි කෑම කමු,Correct,අපි කෑම කමු
අපි ගමනක් යමු,Correct,අපි ගමනක් යමු
අපි සෙරමික් මාලිගාවට ගියෙමු,Correct,අපි සෙරමික් මාලිගාවට ගියෙමු
අපි පොත් ගෙදරට ගෙනාවෙමු,Correct,අපි පොත් ගෙදරට ගෙනාවෙමු
අපි ක්‍රීඩා කරමු,Correct,අපි ක්‍රීඩා කරමු
අපි සංගීතය අසමු,Correct,අපි සංගීතය අසමු
අපි ගීතයක් ගායනා කරමු,Correct,අපි ගීතයක් ගායනා කරමු
අපි නැටුම් බැලෙමු,Correct,අපි නැටුම් බැලෙමු
අපි බස් නැවතුමට ගියෙමු,Correct,අපි බස් නැවතුමට ගියෙමු
අපි උදෑසන ඇවිදින් යමු,Correct,අපි උදෑසන ඇවිදින් යමු
අපි තේක්ක ගහක් රැකගමු,Correct,අපි තේක්ක ගහක් රැකගමු
අපි ගේමක් ක්‍රීඩා කරමු,Correct,අපි ගේමක් ක්‍රීඩා කරමු
අපි කාර්යාලයට ගියෙමු,Correct,අපි කාර්යාලයට ගියෙමු
අපි නව ගුවන් ගමනක් සැරසෙමු,Correct,අපි නව ගුවන් ගමනක් සැරසෙමු
අපි වතුර බේරගමු,Correct,අපි වතුර බේරගමු
අපි ආහාර සකස් කරමු,Correct,අපි ආහාර සකස් කරමු
අපි නව නිවේදනයක් අසමු,Correct,අපි නව නිවේදනයක් අසමු
අපි පසසන්නාවක් පිරිසිදු කරමු,Correct,අපි පසසන්නාවක් පිරිසිදු කරමු
අපි ලෝකයේ විස්මය පිරිමසුමු,Correct,අපි ලෝකයේ විස්මය පිරිමසුමු
අපි නව රසාවාදයක් අත්හදා බැලෙමු,Correct,අපි නව රසාවාදයක් අත්හදා බැලෙමු
අපි කලාපය සංවිධානය කරමු,Correct,අපි කලාපය සංවිධානය කරමු
අපි බස් රථයක් ගන්නෙමු,Correct,අපි බස් රථයක් ගන්නෙමු
අපි නව විද්‍යාවක් පියවරක් ගමු,Correct,අපි නව විද්‍යාවක් පියවරක් ගමු
අපි ලේඛනයක් මුදාහරිමු,Correct,අපි ලේඛනයක් මුදාහරිමු
අපි ග්‍රීස් සංචාරයකට යමු,Correct,අපි ග්‍රීස් සංචාරයකට යමු
අපි කුරුලු නිරීක්ෂණය කරමු,Correct,අපි කුරුලු නිරීක්ෂණය කරමු
අපි ආරක්ෂාව සැලසෙමු,Correct,අපි ආරක්ෂාව සැලසෙමු
අපි ගඟක් හරහා පාරවමු,Correct,අපි ගඟක් හරහා පාරවමු
අපි අඩවිය සංවර්ධනය කරමු,Correct,අපි අඩවිය සංවර්ධනය කරමු
අපි පිටපත් තබමු,Correct,අපි පිටපත් තබමු
අපි යාත්‍රා පිටත්වෙමු,Correct,අපි යාත්‍රා පිටත්වෙමු
අපි ගගක් පිරිසුදු කරමු,Correct,අපි ගගක් පිරිසුදු කරමු
අපි තේ වගාව නඩත්තු කරමු,Correct,අපි තේ වගාව නඩත්තු කරමු
අපි යාත්‍රා අලුත්වැඩියාවක් කරනවා,Correct,අපි යාත්‍රා අලුත්වැඩියාවක් කරනවා
අපි හිතවත් වැඩකරු අරගමු,Correct,අපි හිතවත් වැඩකරු අරගමු
අපි නව විද්‍යාගාරයක් ඉදි කරමු,Correct,අපි නව විද්‍යාගාරයක් ඉදි කරමු
අපි සංගීත භාණ්ඩ ඉගෙන ගමු,Correct,අපි සංගීත භාණ්ඩ ඉගෙන ගමු
අපි නව ව්‍යාපාරයක් ආරම්භ කරමු,Correct,අපි නව ව්‍යාපාරයක් ආරම්භ කරමු
අපි අලුත් පරිසරයක් හඳුනා ගමු,Correct,අපි අලුත් පරිසරයක් හඳුනා ගමු
අපි ආරක්ෂා පනත් සලකා බැලෙමු,Correct,අපි ආරක්ෂා පනත් සලකා බැලෙමු
අපි ජීවීකාවක් සොයාගමු,Correct,අපි ජීවීකාවක් සොයාගමු
අපි ක්‍රියාකාරී සැලැසීමක් කරනවා,Correct,අපි ක්‍රියාකාරී සැලැසීමක් කරනවා
අපි පරිසර මිතුරක් වෙමු,Correct,අපි පරිසර මිතුරක් වෙමු
අපි නවතම තොරතුරු සොයමු,Correct,අපි නවතම තොරතුරු සොයමු
අපි පරිගණක වැඩසටහන් සකසමු,Correct,අපි පරිගණක වැඩසටහන් සකසමු
අපි පොත් ලිවීමේ සම්මන්ත්‍රණයකට යමු,Correct,අපි පොත් ලිවීමේ සම්මන්ත්‍රණයකට යමු
අපි ගෙදර යන්නෙමු,Incorrect,අපි ගෙදරට යමු.
අපි කෑම කනවා,Incorrect,අපි කෑම කමු.
අපි ගමනක් යනවා,Incorrect,අපි ගමනක් යමු.
අපි නිවාඩු ගත කරන්නෙමු,Incorrect,අපි නිවාඩු ගත කරමු.
අපි වාහනයක් පදිනවා,Incorrect,අපි වාහනයක් පදවමු.
අපි ගීතයක් අහනවා,Incorrect,අපි ගීතයක් අසමු.
අපි වාදනයක් කරනවා,Incorrect,අපි වාදනයක් කරමු.
අපි සංගීතය අසන්නෙමු,Incorrect,අපි සංගීතය අසමු.
අපි ගෙදරින් පැනගියෙමු,Incorrect,අපි ගෙදරින් පැනගියෙමු. (No correction needed)
අපි තේ හඳිනවා,Incorrect,අපි තේ හඳමු.
අපි නටනවා,Incorrect,අපි නටමු.
අපි බලාපොරොත්තු කරගන්නෙමු,Correct,අපි බලාපොරොත්තු කරගමු.
අපි ඉගැන්වීම සාර්ථකව කරනවා,Incorrect,අපි ඉගැන්වීම සාර්ථකව කරමු.
අපි නවතම නාට්‍යක් නරඹන්නෙමු,Incorrect,අපි නවතම නාට්‍යක් නරඹමු.
අපි නිර්මාණකාරී වැඩක් කරනවා,Incorrect,අපි නිර්මාණකාරී වැඩක් කරමු.
අපි ආකාරයක් සොයාගන්නෙමු,Correct,අපි ආකාරයක් සොයාගමු.
අපි පූජාවක් කරනවා,Incorrect,අපි පූජාවක් කරමු.
අපි කඩයක් ආරම්භ කරනවා,Incorrect,අපි කඩයක් ආරම්භ කරමු.
අපි පොත් කියවනවා,Incorrect,අපි පොත් කියවමු.
අපි විශේෂිත රටාවක් සොයන්නෙමු,Correct,අපි විශේෂිත රටාවක් සොයාගමු.
අපි විකුණන වැඩසටහන් කරනවා,Incorrect,අපි විකුණන වැඩසටහන් කරමු.
අපි සම්මන්ත්‍රණයකට සම්බන්ධ නොවෙමු,Correct,අපි සම්මන්ත්‍රණයකට සම්බන්ධ නොවෙමු.
අපි නිවන් දහම ගැන සොයන්නෙමු,Correct,අපි නිවන් දහම ගැන සොයාගමු.
අපි ගීත අහනවා,Incorrect,අපි ගීත අසමු.
අපි සංගීතයක් ඉගෙනගන්නෙමු,Correct,අපි සංගීතයක් ඉගෙනගමු.
අපි තේක්ක කඳවලට යනවා,Incorrect,අපි තේක්ක කඳවලට යමු.
අපි ගෘහකර්මය ඉගෙනගන්නෙමු,Correct,අපි ගෘහකර්මය ඉගෙනගමු.
අපි යතුරුපැදි පදනවා,Incorrect,අපි යතුරුපැදි පදවමු.
අපි ලියුම් ලිවියෙමු,Correct,අපි ලියුම් ලියමු.
අපි අවසන්ගත කිරීමට යනවා,Incorrect,අපි අවසන්ගත කිරීමට යමු.
අපි උපකාරක වැඩකට සම්බන්ධ වෙනවා,Incorrect,අපි උපකාරක වැඩකට සම්බන්ධ වෙමු.
අපි කාර්යාලය ආරක්ෂා කරනවා,Incorrect,අපි කාර්යාලය ආරක්ෂා කරමු.
අපි සත්කාරයක් අරඹන්නෙමු,Correct,අපි සත්කාරයක් අරඹමු.
අපි පියසක් ඉදි කරනවා,Incorrect,අපි පියසක් ඉදි කරමු.
අපි කටයුත්තක සම්බන්ධ නොවෙමු,Correct,අපි කටයුත්තක සම්බන්ධ නොවෙමු.
අපි වාදනය අසන්නෙමු,Correct,අපි වාදනය අසමු.
මම පාඩම් කරමි,Correct,මම පාඩම් කරමි
මම කෑම කමි,Correct,මම කෑම කමි
මම පොතක් කියවමි,Correct,මම පොතක් කියවමි
මම ගීතයක් අසමි,Correct,මම ගීතයක් අසමි
මම ගමනක් යමි,Correct,මම ගමනක් යමි
මම අහසේ නගරක් නරඹමි,Correct,මම අහසේ නගරක් නරඹමි
මම සෙරමික් මාලිගාවට ගමන් කරමි,Correct,මම සෙරමික් මාලිගාවට ගමන් කරමි
මම මිතුරෙකුට උදව් කරමි,Correct,මම මිතුරෙකුට උදව් කරමි
මම මල් වඩම් සකස් කරමි,Correct,මම මල් වඩම් සකස් කරමි
මම ඉන්ටර්නෙට් භාවිතා කරමි,Correct,මම ඉන්ටර්නෙට් භාවිතා කරමි
මම රටාවක් ගිණුමක් විශේෂණය කරමි,Correct,මම රටාවක් ගිණුමක් විශේෂණය කරමි
මම බස් නැවතුමට ගමන් කරමි,Correct,මම බස් නැවතුමට ගමන් කරමි
මම කේක් කෑමට ගෙන එමි,Correct,මම කේක් කෑමට ගෙන එමි
මම නව රසවින්දනයක් අත්හදා බැලමි,Correct,මම නව රසවින්දනයක් අත්හදා බැලමි
මම ගෙදරට ගමන් කරමි,Correct,මම ගෙදරට ගමන් කරමි
මම උදෑසන ඇවිදින් යමි,Correct,මම උදෑසන ඇවිදින් යමි
මම සංගීතය අසමි,Correct,මම සංගීතය අසමි
මම ගැලරියක් නරඹමි,Correct,මම ගැලරියක් නරඹමි
මම ගීතයක් ගායනා කරමි,Correct,මම ගීතයක් ගායනා කරමි
මම ලේඛන සකස් කරමි,Correct,මම ලේඛන සකස් කරමි
මම විභාගයකට සූදානම් වෙමි,Correct,මම විභාගයකට සූදානම් වෙමි
මම යාත්‍රාවක් කරමි,Correct,මම යාත්‍රාවක් කරමි
මම පත්තර කියවමි,Correct,මම පත්තර කියවමි
මම විභාගයක් සමත් වෙමි,Correct,මම විභාගයක් සමත් වෙමි
මම තේක්ක වගාවක් නඩත්තු කරමි,Correct,මම තේක්ක වගාවක් නඩත්තු කරමි
මම විනෝදය සඳහා ගීතයක් අසමි,Correct,මම විනෝදය සඳහා ගීතයක් අසමි
මම සංගීත භාණ්ඩයක් වාදනය කරමි,Correct,මම සංගීත භාණ්ඩයක් වාදනය කරමි
මම විද්‍යාව ගැන සොයා බැලමි,Correct,මම විද්‍යාව ගැන සොයා බැලමි
මම ආහාර සකස් කරමි,Correct,මම ආහාර සකස් කරමි
මම වාහනයක් පදවමි,Correct,මම වාහනයක් පදවමි
මම යාත්‍රා ගමනක් යමි,Correct,මම යාත්‍රා ගමනක් යමි
මම ගඟක් හරහා යමි,Correct,මම ගඟක් හරහා යමි
මම විනෝද චිත්‍රපටයක් නරඹමි,Correct,මම විනෝද චිත්‍රපටයක් නරඹමි
මම නව පොත් සොයාගමි,Correct,මම නව පොත් සොයාගමි
මම මගේ කාර්යභාරය සාර්ථක කරමි,Correct,මම මගේ කාර්යභාරය සාර්ථක කරමි
මම ජලය බේරගමි,Correct,මම ජලය බේරගමි
මම මගේ යාලුවන් සමඟ විනෝද වෙමි,Correct,මම මගේ යාලුවන් සමඟ විනෝද වෙමි
මම නව ඉන්ධන උපකරණයක් අත්හදා බැලමි,Correct,මම නව ඉන්ධන උපකරණයක් අත්හදා බැලමි
මම විනෝද චාරිකාවක් යමි,Correct,මම විනෝද චාරිකාවක් යමි
මම නව ගමනාන්තයක් සොයාගමි,Correct,මම නව ගමනාන්තයක් සොයාගමි
මම මගේ කාර්යය නිම කරමි,Correct,මම මගේ කාර්යය නිම කරමි
මම නව ජීවිතයක් පටන්ගනිමි,Correct,මම නව ජීවිතයක් පටන්ගනිමි
මම විනෝදය සඳහා සෙරමික් සකස් කරමි,Correct,මම විනෝදය සඳහා සෙරමික් සකස් කරමි
මම නිවන් දහමක් සොයාගමි,Correct,මම නිවන් දහමක් සොයාගමි
මම ආරක්ෂාකාරී ක්‍රියාකාරීත්වයක් සොයාගමි,Correct,මම ආරක්ෂාකාරී ක්‍රියාකාරීත්වයක් සොයාගමි
මම විද්‍යාලයේ ප්‍රවේශය ලැබෙමි,Correct,මම විද්‍යාලයේ ප්‍රවේශය ලැබෙමි
මම කාර්යාලයට පැමිණෙමි,Correct,මම කාර්යාලයට පැමිණෙමි
මම නව තොරතුරු සොයාගමි,Correct,මම නව තොරතුරු සොයාගමි
මම නව මිතුරෙකු සොයාගමි,Correct,මම නව මිතුරෙකු සොයාගමි
මම ව්‍යාපාරයක් ආරම්භ කරමි,Correct,මම ව්‍යාපාරයක් ආරම්භ කරමි
මම කෑම කනවා,Incorrect,මම කෑම කමි.
මම ගමනක් යනවා,Incorrect,මම ගමනක් යමි.
මම නිදාගන්නවා,Incorrect,මම නිදියන්නෙමි.
මම පොත් කියවනවා,Incorrect,මම පොත් කියවමි.
මම ගෙදර යනවා,Incorrect,මම ගෙදරට යමි.
මම පාඩම් කරනවා,Incorrect,මම පාඩම් කරමි.
මම විනෝදය සඳහා ගීතයක් අසනවා,Incorrect,මම විනෝදය සඳහා ගීතයක් අසමි.
මම යාත්‍රා කරනවා,Incorrect,මම යාත්‍රාවක් කරමි.
මම රූපවාහිනිය බලනවා,Incorrect,මම රූපවාහිනිය නරඹමි.
මම නව චිත්‍රපටයක් නරඹනවා,Incorrect,මම නව චිත්‍රපටයක් නරඹමි.
මම වාහනයක් පදිනවා,Incorrect,මම වාහනයක් පදවමි.
මම ගෙදරට ගමන් කරනවා,Incorrect,මම ගෙදරට ගමන් කරමි.
මම නටනවා,Incorrect,මම නටමි.
මම කාර්යාලයට යනවා,Incorrect,මම කාර්යාලයට ගමන් කරමි.
මම තේ සෝදනවා,Incorrect,මම තේ සෝදමි.
මම උදෑසන යමු,Incorrect,මම උදෑසන යමි.
මම යාත්‍රාවක් කරනවා,Incorrect,මම යාත්‍රාවක් කරමි.
මම ගඟක් හරහා යනවා,Incorrect,මම ගඟක් හරහා යමි.
මම විකුණුමක් කරනවා,Incorrect,මම විකුණුමක් කරමි.
මම යාත්‍රා පදනවා,Incorrect,මම යාත්‍රාවක් පදවමි.
මම සෙරමික් පරීක්ෂා කරනවා,Incorrect,මම සෙරමික් පරීක්ෂා කරමි.
මම පොත් කියවන්නෙමු,Incorrect,මම පොත් කියවමි.
මම කුඩා ව්‍යාපාරයක් කරනවා,Incorrect,මම කුඩා ව්‍යාපාරයක් ආරම්භ කරමි.
මම නවතම විද්‍යාව සොයාගන්නෙමු,Incorrect,මම නවතම විද්‍යාව සොයාගමි.
මම මිතුරෙකුට උදව් කරනවා,Incorrect,මම මිතුරෙකුට උදව් කරමි.
මම ආරක්ෂාව පතනවා,Incorrect,මම ආරක්ෂාව සොයමි.
මම විභාගයකට සූදානම් වෙනවා,Incorrect,මම විභාගයකට සූදානම් වෙමි.
මම යාත්‍රාවක් කරනවා,Incorrect,මම යාත්‍රාවක් කරමි.
මම විනෝද චාරිකාවක් යනවා,Incorrect,මම විනෝද චාරිකාවක් යමි.
මම කාර්යය නිම කරනවා,Incorrect,මම කාර්යය නිම කරමි.
මම ග්‍රීන්වෙදිය සොයාගන්නවා,Incorrect,මම ග්‍රීන්වෙදිය සොයාගමි.
මම තේක්ක වගාවක් නඩත්තු කරනවා,Incorrect,මම තේක්ක වගාවක් නඩත්තු කරමි.
මම නිවන් දහමට යනවා,Incorrect,මම නිවන් දහමට යමි.
මම කලාකෘතිය අසනවා,Incorrect,මම කලාකෘතිය අසමි.
මම විනෝදය සඳහා සෙරමික් සකස් කරනවා,Incorrect,මම විනෝදය සඳහා සෙරමික් සකස් කරමි.
මම නව මිතුරෙකු සොයාගන්නවා,Incorrect,මම නව මිතුරෙකු සොයාගමි.
මම ව්‍යාපාරයක් ආරම්භ කරනවා,Incorrect,මම ව්‍යාපාරයක් ආරම්භ කරමි.
මම නවතම තොරතුරු සොයාගන්නවා,Incorrect,මම නවතම තොරතුරු සොයාගමි.
මම ප්‍රවේශ පත්‍රයක් මිලදීගන්නවා,Incorrect,මම ප්‍රවේශ පත්‍රයක් මිලදීගමි.
මම දුරකථන සකස් කරනවා,Incorrect,මම දුරකථන සකස් කරමි.
මම මල් වඩම් සකස් කරනවා,Incorrect,මම මල් වඩම් සකස් කරමි.
මම උදෑසන සීනාවකට යනවා,Incorrect,මම උදෑසන සීනාවකට යමි.
මම නිවන් දහමක් අත්හදා බැලුවා,Incorrect,මම නිවන් දහමක් අත්හදා බැලුවෙමි.
මම ආරක්ෂක ව්‍යාපාරයක් කරනවා,Incorrect,මම ආරක්ෂක ව්‍යාපාරයක් කරමි.
මම ගීතයක් අසනවා,Incorrect,මම ගීතයක් අසමි.
මම ගීතයක් අසනවා,Incorrect,මම ගීතයක් අසමි.
මම විකුණුමක් කරනවා,Incorrect,මම විකුණුමක් කරමි.
